Model_Name,accuracy,precision,recall,f1-score,roc_auc,prediction_time,training_time
Logistic Regression,0.9166688595089787,0.9340899241103949,0.962598083816972,0.9481297580870662,0.9624959776884483,0.23219871520996094,55.20193147659302
Decision Tree,0.9987651165151099,0.9993560283822768,0.9990830068821996,0.9992194989824975,0.9983896927654302,0.21617484092712402,51.41216778755188
Random Forest,0.998864734208716,0.9993893325666329,0.9991756564459152,0.9992824830837072,0.9997236119458085,1.097916841506958,112.96923232078552
Extra Trees,0.9987914306228549,0.9992991009484709,0.9991732808160764,0.999236186921572,0.9991543049132755,1.7262382507324219,77.78557348251343
HistGradientBoosting,0.9987914306228549,0.9995602232639517,0.9989119615338017,0.9992359872577409,0.9998991361732207,1.3808441162109375,27.613820552825928
AdaBoost,0.9771180037366033,0.9835041742269578,0.9876443492080837,0.9855699137324069,0.9957701751300211,1.626540184020996,132.07761430740356
Gaussian Naive Bayes,0.7139487325997963,0.9913414848183467,0.6440807619120019,0.7808429659475626,0.8819040525406796,0.28217339515686035,5.363863229751587
Linear SVM,0.89642579233658,0.9061090192177897,0.9695563036149959,0.9367595600884597,0.9435507470353003,0.14021778106689453,48.37243175506592
